raw,instruction_revised,instruction,output_revised,output
“太好了还有气！”王警官看着尸体手里的可乐高兴道。,王警官发现尸体手中的可乐后说了什么？,王警官发现尸体后说了什么？,“太好了还有气！”,“太好了还有气！”王警官看着尸体手里的可乐高兴道。
总觉得老公眼睛一直在那女人身上，打开那人口袋果然发现了老公的眼睛。,为什么总觉得老公的眼睛一直在那女人身上？,为什么总觉得老公的眼睛一直在那女人身上？,打开那人口袋果然发现了老公的眼睛。,打开那人口袋果然发现了老公的眼睛。
没注意小孩钻洗衣机里直接启动了怎么办，他口袋里还有纸巾。,如果小孩钻进洗衣机并启动了怎么办？,如果小孩钻进洗衣机并启动了怎么办？,怎么了，他口袋里还有纸巾吗,没注意小孩钻洗衣机里直接启动了怎么办，他口袋里还有纸巾。
我长这么大头一次听说可能是三鹿奶粉导致的。,你长这么大头一次听说什么？,你长这么大头一次听说什么？,可能是三鹿奶粉导致的。,可能是三鹿奶粉导致的。
王高飞吃三鹿——来头不小。,王高飞吃三鹿——,王高飞吃三鹿是什么情况？,来头不小。,来头不小。
老王选择一名阿尔茨海默病患者的房屋进行盗窃，进屋后发现是自己。,老王是怎么发现自己有阿尔茨海默病的？,老王是怎么发现自己有阿尔茨海默病的？,老王选择一名阿尔茨海默病患者的房屋进行盗窃，进屋后发现是自己。,老王选择一名阿尔茨海默病患者的房屋进行盗窃，进屋后发现是自己。
人还是会害怕比自己位置高的人，上次我在楼顶把辅导员和校长吓得。,人会害怕比自己位置高的人吗？,人为什么会害怕比自己位置高的人？,确实，上次我在楼顶，把辅导员和校长给吓的。,人还是会害怕比自己位置高的人，上次我在楼顶把辅导员和校长吓得。
男子冲进灵堂大喊：“我不同意这门亲事。”并抢走了尸体。,男子在灵堂里做了什么？,男子在灵堂里做了什么？,男子冲进灵堂大喊：“我不同意这门亲事。”并抢走了尸体。,男子冲进灵堂大喊：“我不同意这门亲事。”并抢走了尸体。
王警官在碎尸杀人狂家里搜出十袋少年团。,王警官在碎尸杀人狂家里发现了什么？,王警官在碎尸杀人狂家里发现了什么？,十袋少年团,王警官在碎尸杀人狂家里搜出十袋少年团。
为什么每次跳水比赛，运动员都会用很慢的速度跳第二遍？,为什么每次跳水比赛，运动员都会用很慢的速度跳第二遍？,为什么每次跳水比赛，运动员都会用很慢的速度跳第二遍？,因为你在看慢动作回放。,因为你在看慢动作回放。
神说：要有空气。但是大家都听不到。,神说：要有空气。,神说了什么？,但这样大家都听不到。,神说：要有空气。但是大家都听不到。
"小明爷爷生病了，难受得一直叫唤，小明问：
爸爸的爸爸叫什么？",小明爷爷生病了，难受得一直叫唤，小明问：,爸爸的爸爸叫什么？,爸爸的爸爸叫什么？,小明爷爷生病了，难受得一直叫唤。
"“你们出差期间导师给发补助了吗？”
工科学生：“啥是补助？”
文科学生：“啥是出差？”
旅游鸣人：“啥是给！”",导师在出差期间会给学生发补助吗？,导师在出差期间会给学生发补助吗？,工科学生：“啥是补助？” 文科学生：“啥是出差？” 旅游鸣人：“啥是给！”,工科学生：“啥是补助？” 文科学生：“啥是出差？” 旅游鸣人：“啥是给！”
"“明天公司团建，你不来可说不过去了！”
“不过去了。”",明天公司团建，你不来可说不过去了！,明天公司团建，你不来可说不过去了！,不过去了。,不过去了。
车上有人是不能开违停罚单的，交警看着后备箱的尸体失望地走开了。,交警看着后备箱的尸体失望地走开了，为什么？,为什么车上有人不能开违停罚单？,因为车上有人是不能开罚单的。,车上有人是不能开违停罚单的，交警看着后备箱的尸体失望地走开了。
两个细菌之间的位置，就是最常见的无菌环境。,什么是最常见的无菌环境？,什么是最常见的无菌环境？,两个细菌之间的位置，就是最常见的无菌环境。,两个细菌之间的位置，就是最常见的无菌环境。
孟德尔经过不断观察，觉得豌豆还是应该种在向日葵后面。,孟德尔在实验过程中有什么发现？,孟德尔在实验过程中有什么发现？,孟德尔经过不断观察，觉得豌豆还是应该种在向日葵后面。,孟德尔经过不断观察，觉得豌豆还是应该种在向日葵后面。
医生开方之后，王老汉从 2 型糖尿病变成了根号2型糖尿病。,医生给患有2型糖尿病的王老汉开药后发生了什么？,医生给王老汉开药后发生了什么？,王老汉从2型糖尿病变成了根号2型糖尿病。,医生开方之后，王老汉从2型糖尿病变成了根号2型糖尿病。
王警官得知蛋糕有毒后惊叹凶手的作案设计是用了点心的。,王警官得知蛋糕有毒后作何反应？,王警官得知蛋糕有毒后作何反应？,王警官惊叹凶手的作案设计是用了点心的。,王警官惊叹凶手的作案设计是用了点心的。
资本主义的腐朽就在于宁愿把卖不出去的黑人倒进海里都不愿意送出去。,资本主义的腐朽表现在哪些方面？,资本主义的腐朽表现在哪些方面？,资本主义的腐朽就在于宁愿把卖不出去的黑人倒进海里都不愿意送出去。,资本主义的腐朽就在于宁愿把卖不出去的黑人倒进海里都不愿意送出去。
我问老师求婚，结果老师要见我家长，我是不是成功了？,我向老师求婚了，接下来发生了什么？,我向老师求婚了，接下来发生了什么？,老师要见你家长，你可能成功了一半！,老师要见你家长，你可能成功了一半！
“消防的问题都可以来问我！”消防通道。,消防的问题可以问谁？,消防的问题可以问谁？,“消防的问题都可以来问我！“消防通道。,消防的问题都可以来问我！消防通道。
金箍棒离开悟空，大小便不能自理。,金箍棒离开悟空会发生什么？,金箍棒离开悟空会发生什么？,大小便不能自理。,金箍棒离开悟空，大小便不能自理。
真的有人喜欢被诛九族吗，一想到要见那么多不熟的亲戚我就觉得好尴尬。,真的有人喜欢被诛九族吗？,真的有人喜欢被诛九族吗？,一想到要见那么多不熟的亲戚我就觉得好尴尬。,一想到要见那么多不熟的亲戚我就觉得好尴尬。
我发现了几乎所有比赛的黑幕，总决赛他们总是让亚军去打冠军，这样肯定要输呀！,我觉得所有比赛都有黑幕。,为什么总决赛亚军总是输给冠军？,确实，总决赛他们总是让亚军去打冠军，这样肯定要输呀！,我发现了几乎所有比赛的黑幕，总决赛他们总是让亚军去打冠军，这样肯定要输呀！
好人有好报，我是扁人，可以给我一个扁报吗？,好人有好报，那扁人会有什么？,好人有好报，那扁人会有什么？,我是扁人，可以给我一个扁报吗？,我是扁人，可以给我一个扁报吗？
野外迷路了怎么办？观察身边，哪里出现东北虎，哪里就是东北。,野外迷路了怎么办？,野外迷路了怎么办？,观察身边，哪里出现东北虎，哪里就是东北。,观察身边，哪里出现东北虎，哪里就是东北。
"求下联：美术老师登上历史舞台发表政治演讲造成大量生物发生物理死亡。
上海校长签下重庆协定背刺湖南英雄落得小别四川煎熬台湾余生。",求下联：美术老师登上历史舞台发表政治演讲造成大量生物发生物理死亡。,求下联：美术老师登上历史舞台发表政治演讲造成大量生物发生物理死亡。,上海校长签下重庆协定背刺湖南英雄落得小别四川煎熬台湾余生。,上海校长签下重庆协定背刺湖南英雄落得小别四川煎熬台湾余生。
成步堂一拍桌子把法庭跳转到淘宝。,成步堂在法庭上发生了什么？,成步堂在法庭上发生了什么？,成步堂一拍桌子把法庭跳转到淘宝。,成步堂一拍桌子把法庭跳转到淘宝。
“放假的人多轻松。”小明抱怨奶奶让他在田里吓鸟。,小明抱怨奶奶让他在田里吓鸟，为什么？,放假的人为什么会轻松？,因为放假的人多轻松。,小明抱怨奶奶让他在田里吓鸟，说放假的人多轻松。
亲亲很抱歉手术失败了，这边给您申请补偿 5 元您看可以吗？,手术失败了怎么办？,手术失败了怎么办？,亲亲很抱歉手术失败了，这边给您申请补偿 5 元您看可以吗？,亲亲很抱歉手术失败了，这边给您申请补偿 5 元您看可以吗？
地府爷爷收到孙子烧来纸钱后惨遭未成年人退款。,地府爷爷收到孙子烧来的纸钱后发生了什么？,地府爷爷收到孙子烧来的纸钱后发生了什么？,地府爷爷收到孙子烧来纸钱后惨遭未成年人退款。,地府爷爷收到孙子烧来纸钱后惨遭未成年人退款。
咱俩还没谈恋爱呢你就已经这么好了，要是确立关系了，你不得好死。,咱俩还没谈恋爱呢你就已经这么好了，要是确立关系了会怎么样？,咱俩还没谈恋爱呢你就已经这么好了，要是确立关系了会怎么样？,要是确立关系了，你不得好死。,要是确立关系了，你不得好死。
小明对老师说自己的目标是当红巨星，不料被识破太阳的身份。,小明对老师说自己的目标是当红巨星，结果发生了什么？,小明对老师说自己的目标是什么？,不料小明被识破了太阳的身份。,小明说自己的目标是当红巨星，不料被识破太阳的身份。
我发现有些人是真的很怕晒黑，下雨天根本就没有太阳还要打伞。,为什么有些人下雨天还要打伞？,为什么有些人下雨天还要打伞？,因为这些人是真的很怕晒黑。,我发现有些人是真的很怕晒黑，下雨天根本就没有太阳还要打伞。
小明死后发现自己生死簿上的寿命还有 30 年，阎王解释说这是公摊寿命。,小明死后发现自己生死簿上的寿命还有 30 年是怎么回事？,小明死后发现自己生死簿上的寿命还有 30 年是怎么回事？,阎王解释说这是公摊寿命。,阎王解释说这是公摊寿命。
"“听说你摔倒的姿势和别人不一样，能摔给我看看吗？”
我：ok",听说你摔倒的姿势和别人不一样，能摔给我看看吗？,听说你摔倒的姿势和别人不一样，能摔给我看看吗？,ok,ok
“好大儿！”北京人在床上夸赞对象。,北京人在床上会怎么夸赞对象？,北京人在床上会怎么夸赞对象？,“好大儿！”,“好大儿！”
群里有当皇帝的朋友注意了，结婚前记得找律师把天下注册成婚前财产。,群里有当皇帝的朋友需要注意什么？,群里有当皇帝的朋友需要注意什么？,结婚前记得找律师把天下注册成婚前财产。,结婚前记得找律师把天下注册成婚前财产。
"报案人说死者 10:00 被发现时就没有温度了，死者家属提出异议。
因为温度只有高和低，不应该“没有”。",报案人说死者 10:00 被发现时就没有温度了，死者家属提出异议。为什么？,报案人说死者 10:00 被发现时就没有温度了，死者家属提出异议。为什么？,因为温度只有高和低，不应该说‘没有’。,因为温度只有高和低，不应该说‘没有’。
"“发现舍友偷我内裤怎么办？”
“我觉得你最好跟他谈谈。”
*一天后。
“谢谢，已经谈上了。”",发现舍友偷我内裤，朋友觉得我应该跟他好好谈谈。,发现舍友偷我内裤怎么办？,"*一天后。
“谢谢，已经谈上了。”",我觉得你最好跟他谈谈。*一天后。谢谢，已经谈上了。
你已登上瞎子排行榜前十名，快来看看吧！,你已登上瞎子排行榜前十名。,我登上了什么排行榜？,快来看看吧！,你已登上瞎子排行榜前十名，快来看看吧！
“我怎么没马眼啊？”瞎几把说。,瞎几把说了什么？,瞎几把说了什么？,“我怎么没马眼啊？”,“我怎么没马眼啊？”
盲人手上起茧了算近视吗？,盲人手上起茧了。,盲人手上起茧了算近视吗？,算近视吗？,这应该不算近视，可能是手感太好导致的。
如果让全世界所有的麦当劳员工手拉手站成一行，那你就只能自己动手做麦辣鸡腿堡了。,如果让全世界所有的麦当劳员工手拉手站成一行会怎么样？,如果让全世界所有的麦当劳员工手拉手站成一行会怎么样？,那你就只能自己动手做麦辣鸡腿堡了。,那你就只能自己动手做麦辣鸡腿堡了。
养老院夏令营：别让你家老头输在终点线。,养老院夏令营的口号是？,养老院夏令营有什么活动？,别让你家老头输在终点线。,别让你家老头输在终点线。
里根号不就是“厘”么？,里根号是什么？,里根号是什么意思？,里根号不就是“厘”么？,里根号不就是“厘”么？
"上一次两架飞机就让五角大楼这么热闹还是在 2001 年。
注：时事段子，2024 年底中国六代机。",2024年底中国六代机让五角大楼非常热闹，上一次两架飞机就让五角大楼这么热闹是什么时候？,为什么最近五角大楼又变得热闹了？,上一次两架飞机就让五角大楼这么热闹还是在 2001 年。,上一次两架飞机就让五角大楼这么热闹还是在 2001 年。
转专业学医我加倍努力，普通人要学 8 年才能轮转，我一天学习 20 个小时，短短三天就进了医院。,你是如何通过转专业努力尽快进入医院的？,你是如何通过努力尽快进入医院的？,转专业学医我加倍努力，普通人要学8年才能轮转，我一天学习20个小时，短短三天就进了医院。,转专业学医我加倍努力，普通人要学8年才能轮转，我一天学习20个小时，短短三天就进了医院。
把肉从烤串上拿下来，发现肉上都是小孔，是不是老板注射东西了？,把肉从烤串上拿下来，发现肉上都是小孔,把肉从烤串上拿下来，发现肉上都是小孔，是不是老板注射东西了？,是不是老板注射东西了？,可能是烤串过程中留下的痕迹，不一定是老板注射了东西。
你感冒了怎么不吃药，成天靠你那个 B 细胞。,你感冒了为什么不吃药？,你感冒了为什么不吃药？,就靠我那个 B 细胞。,成天靠你那个 B 细胞。
佛教认为，一切行为都是为了制造业。,佛教对对一切行为的看法是什么？,佛教对行为的看法是什么？,佛教认为，一切行为都是为了制造业。,佛教认为，一切行为都是为了制造业。
见到有人溺水，我向水里面倒浓硫酸，利用吸水性把水吸走救人。,见到有人溺水怎么办？,见到有人溺水怎么办？,我向水里面倒浓硫酸，利用吸水性把水吸走救人。,我向水里面倒浓硫酸，利用吸水性把水吸走救人。
过五关斩六将是因为收了 20% 关税吗？,过五关斩六将是因为什么？,过五关斩六将是因为什么？,是因为收了 20% 关税吗？,是因为收了20%关税吗？
山东女程序员编的软件能放在电脑桌面上吗？,如果有一个山东女程序员，你会问她什么问题？,山东女程序员编的软件能放在电脑桌面上吗？,你编的软件可以放在电脑桌面上吗？,神了，山东女程序员编的软件能放在电脑桌面上吗？
冷知识：从商朝到战国仅仅经过两周。,从商朝到战国经历了多久？,从商朝到战国经历了多久？,冷知识：从商朝到战国仅仅经过两周。,冷知识：从商朝到战国仅仅经过两周。
怎么还没到地库？你这个忘恩负一的家伙！,为什么还没到地库？,为什么还没到地库？,你这个忘摁负一的家伙！,你这个忘恩负一的家伙！
夕阳下我跳进大海，浪漫过头了。,夕阳下我跳进大海会发生什么？,夕阳下我跳进大海会发生什么？,浪漫过头了。,浪漫过头了。
（有难）¹ =（支援）⁸,如何用数学表达有难必有支援？,如何用数学表达有难必有支援？,（有难）¹ =（支援）⁸,（有难）¹ =（支援）⁸
六个字概括上班路：出发点是好的。,用六个字概括上班路,用六个字概括上班路,出发点是好的。,出发点是好的。
女人守住贞洁被称为贞洁烈女，男人守住贞洁应该称为门洁烈夫。,女人守住贞洁被称为贞洁烈女，男人守住贞洁应该叫什么？,男人守住贞洁应该叫什么？,男人守住贞洁应该称为门洁烈夫。,男人守住贞洁应该称为门洁烈夫。
“太原神了！”小明到山西旅游后赞叹道。,小明到山西旅游后说了什么？,小明到山西旅游后说了什么？,“太原神了！”小明到山西旅游后赞叹道。,“太原神了！”小明到山西旅游后赞叹道。
"“兄弟，你好香。”
“你也是。”

这段对话使用了互闻的手法。","“兄弟，你好香。”
“你也是。”
这段对话使用了什么手法？",这段对话使用了什么手法？,互闻,这段对话使用了互闻的手法：'兄弟，你好香。' '你也是。'
苏轼和儿子打篮球——东坡肘子。,苏轼和儿子打篮球时发生了什么？,苏轼和儿子打篮球时发生了什么？,东坡肘子。,东坡肘子。
“这下好了”往往是指这下坏了。,“这下好了”是什么意思？,“这下好了”是什么意思？,“这下好了”往往是指这下坏了。,“这下好了”往往是指这下坏了。
男人的脑子长在下面，这句话让太监摸不着头脑。,为什么说男人的脑子长在下面？,为什么说男人的脑子长在下面？,这句话让太监摸不着头脑。,这句话让太监摸不着头脑。
制作人生蛋糕的重要步骤：打发时间。,制作人生蛋糕的重要步骤是什么？,制作人生蛋糕的重要步骤是什么？,打发时间。,打发时间。
小孩说：“我要吃卤肉饭！”食人族家长没办法，只好去抓山东人。,小孩说想吃卤肉饭，食人族家长会怎么做？,小孩说想吃卤肉饭，食人族家长会怎么做？,食人族家长没办法，只好去抓山东人。,小孩说：“我要吃卤肉饭！”食人族家长没办法，只好去抓山东人。
夫人不想要生孩子，食人族酋长只好把小孩蒸熟再端给她。,夫人不想要生孩子，酋长是怎么处理的？,夫人不想要生孩子，酋长是怎么处理的？,食人族酋长只好把小孩蒸熟再端给她。,食人族酋长只好把小孩蒸熟再端给她。
人的本质是赌徒，不赌其实是在赌自己输。,人的本质是什么？,人的本质是什么？,人的本质是赌徒，不赌其实是在赌自己输。,人的本质是赌徒，不赌其实是在赌自己输。
“死去活来。”殡仪馆的工作人员解释什么时候有活儿干。,殡仪馆的工作人员什么时候有活儿干？,殡仪馆的工作人员什么时候有活儿干？,“死去活来。”殡仪馆的工作人员解释道。,“死去活来。”殡仪馆的工作人员解释道。
凶手只说了一句话就让被害人窒息：“这都是为了你好。”,凶手是怎么让被害人窒息的？,凶手是怎么让被害人窒息的？,凶手只说了一句话就让被害人窒息：“这都是为了你好。”,凶手只说了一句话就让被害人窒息：“这都是为了你好。”
毕业照也叫师生人面像。,毕业照还有什么别称？,毕业照还有什么别称？,毕业照也叫师生人面像。,毕业照也叫师生人面像。
一个考试高分技巧：填写正确答案。,有什么考试高分的技巧吗？,有什么考试高分的技巧吗？,填写正确答案。,填写正确答案。
"“医生，我整天头晕是什么导致的？”
“导致的。”",医生，我整天头晕是什么导致的？,医生，我整天头晕是什么导致的？,导致的。,导致的。
老鼠不能吃老鼠药，那河南人是不是不能吃中药？,老鼠不能吃老鼠药。,老鼠不能吃老鼠药，那河南人是不是不能吃中药？,那河南人是不是不能吃中药？,这只是一个无厘头的玩笑，并没有实际逻辑关联。
为什么要看中医？我又不是看不起，我要看大医和超大医。,为什么要看中医？,为什么要看中医？,我又不是看不起，我要看大医和超大医。,我又不是看不起，我要看大医和超大医。
文爱里打字太慢算不算一种性功能障碍？,文爱里打字太慢你觉得有问题吗？,文爱里打字太慢算不算一种性功能障碍？,算不算一种性功能障碍？,这可能取决于你对性功能障碍的定义，但打字慢更像是一种技术问题。
垃圾桶是不是才是真正的概念神。毕竟，不管一件物品拥有什么样的牛逼性质，只要它进入了垃圾桶，那么他就是垃圾。,垃圾桶是不是才是真正的概念神？,垃圾桶是不是才是真正的概念神？,确实，不管一件物品拥有什么样的牛逼性质，只要它进入了垃圾桶，那么它就是垃圾。,毕竟，不管一件物品拥有什么样的牛逼性质，只要它进入了垃圾桶，那么它就是垃圾。
比祖宗功绩算是一种牌位赛。,比祖宗功绩算是一种什么比赛？,比祖宗功绩算是一种什么比赛？,比祖宗功绩算是一种牌位赛。,比祖宗功绩算是一种牌位赛。
最早的反恐精英是陨石。,最早的反恐精英是谁？,最早的反恐精英是谁？最早的商战是什么时候爆发的？,最早的反恐精英是陨石。,最早的反恐精英是陨石。最早的商战爆发在夏朝。
最早的商战爆发在夏朝。,最早的商战是什么时候爆发的？,,最早的商战爆发在夏朝。,
升学宴上，亲朋都来沾沾喜气，我沾沾自喜。,升学宴上大家都来干什么？,升学宴上大家都来干什么？,亲朋都来沾沾喜气，我沾沾自喜。,亲朋都来沾沾喜气，我沾沾自喜。
汽车人犯错了它妈妈会抠它的后视镜吗？,汽车人犯错了它妈妈会怎么惩罚它？,汽车人犯错了它妈妈会怎么惩罚它？,它妈妈会抠它的后视镜吗？,它妈妈会抠它的后视镜吗？
"美国应该多建些双子塔，这样就能拦下飞机了。
世贸大厦当机立断。",美国应该如何防止飞机撞击建筑物？,美国应该如何防止飞机撞击建筑物？,美国应该多建些双子塔，这样就能拦下飞机了。世贸大厦当机立断。,美国应该多建些双子塔，这样就能拦下飞机了。世贸大厦当机立断。
麦当劳每天卖这么多派是不是也是一种派出所。,感觉麦当劳每天卖很多派。,麦当劳每天卖这么多派是不是也是一种派出所？,那麦当劳是不是也是一种派出所？,麦当劳每天卖这么多派，确实可以算是一种派出所。
品级数字越小官越大，臣已经是一品还要向皇上行礼，万岁爷您真是没品的东西。,品级数字越小官越大，为什么臣是一品官还要向皇上行礼？,为什么臣是一品官还要向皇上行礼？,因为万岁爷您真是没品的东西。,品级数字越小官越大，臣已经是一品还要向皇上行礼，万岁爷您真是没品的东西。
"如果我说“你是傻逼”，你不一定会认同。
但若是我将这句话打包成文本，并在下面加一句
“我已仔细阅读并充分了解相关内容，如您同意上述内容，请在方框内打勾”，
那么你现在认同吗？",如果我说“你是傻逼”，你会认同吗？,如果我说“你是傻逼”，你会认同吗？,若是这句话打包成文本，并在下面加一句“我已仔细阅读并充分了解相关内容，如您同意上述内容，请在方框内打勾”，那么你现在认同吗？,若是这句话打包成文本，并在下面加一句“我已仔细阅读并充分了解相关内容，如您同意上述内容，请在方框内打勾”，那么你现在认同吗？
"东风不与周郎便，铜雀春深锁二乔。
缩写：英雄难过，美人关。",请用一句话概括东风不与周郎便，铜雀春深锁二乔的意思。,请用一句话概括东风不与周郎便，铜雀春深锁二乔的意思。,英雄难过，美人关。,英雄难过，美人关。
我是时间的主人，因为我经常抽时间。,为什么说你是时间的主人？,为什么说你是时间的主人？,因为我经常抽时间。,因为我经常抽时间。
大师说我有业障原来是有就业障碍。,大师说我有业障是什么意思？,大师说我有业障是什么意思？,原来是有就业障碍。,原来是有就业障碍。
台上一分钟，大陆上也是一分钟，说明二者理应是统一的。,台上一分钟和大陆上一分钟是一样的，说明了什么？,为什么台上一分钟和大陆上一分钟是一样的？,因为台上一分钟，大陆上也是一分钟，说明二者理应是统一的。,因为台上一分钟，大陆上也是一分钟，说明二者理应是统一的。
二战时期的犹太人去哪了？全聚德。,二战时期的犹太人去哪了？,二战时期的犹太人去哪了？,全聚德。,全聚德。
"五常里，美国法国特别支持性别转变，而中俄则没那么支持。
那英呢？
那英最烦装逼的人。",五常里，美国法国特别支持性别转变，而中俄则没那么支持。那英呢？,五常里，美国法国特别支持性别转变，而中俄则没那么支持。那英呢？,那英最烦装逼的人。,那英最烦装逼的人。
绑匪要求支付宝转账一千万才释放人质，经过谈判，终于同意通过微信转账。,绑匪要求支付宝转账一千万才释放人质，后来怎么样了？,绑匪要求支付宝转账一千万才释放人质，后来怎么样了？,经过谈判，绑匪终于同意通过微信转账。,经过谈判，绑匪终于同意通过微信转账。
云就是喜欢跟风。,云为什么总是飘来飘去？,云为什么总是飘来飘去？,云就是喜欢跟风。,云就是喜欢跟风。
“此子绝非池中之物！”水族馆馆长指着水池里莫名出现的小朋友说道。,水族馆馆长指着水池里莫名出现的小朋友说了什么？,水族馆里发生了什么有趣的事情？,“此子绝非池中之物！”,“此子绝非池中之物！”水族馆馆长指着水池里莫名出现的小朋友说道。
太阳让那么多行星围着它转，应该称得上是海王星。,为什么太阳让那么多行星围着它转？,为什么太阳让那么多行星围着它转？,太阳让那么多行星围着它转，应该称得上是海王星。,太阳让那么多行星围着它转，应该称得上是海王星。
恒星之间称呼对方是不是叫“贵阳”？,恒星之间怎么称呼对方？,恒星之间称呼对方是不是叫“贵阳”？,“贵阳”。,恒星之间可能不会这么叫，这只是一个谐音梗。
"①谐音梗相对来说比较容易创作出来，成本低。
②谐音梗的使用环境更广，很好用。
③谐音梗有过一段被排挤嫌弃和排挤的历史。
所以谐音梗是黑人。",为什么说谐音梗是黑人？,为什么说谐音梗是黑人？,①谐音梗相对来说比较容易创作出来，成本低。②谐音梗的使用环境更广，很好用。③谐音梗有过一段被排挤嫌弃和排挤的历史。所以谐音梗是黑人。,①谐音梗相对来说比较容易创作出来，成本低。②谐音梗的使用环境更广，很好用。③谐音梗有过一段被排挤嫌弃和排挤的历史。所以谐音梗是黑人。
既然丁克的意思是一辈子都不要小孩，那么丁克是一种谥号，只有死后才能追封。,对于丁克，你有什么看法？,丁克是什么意思？,既然丁克的意思是一辈子都不要小孩，那么丁克是一种谥号，只有死后才能追封。,既然丁克的意思是一辈子都不要小孩，那么丁克是一种谥号，只有死后才能追封。
小明假装发烧成功请假，又叫体温计。,小明是怎么成功请假的？,小明是怎么成功请假的？,小明假装发烧成功请假，又叫体温计。,小明假装发烧成功请假，又叫体温计。
海鲜过敏竟成绝症？小鲨鱼父母痛诉无良医生。,海鲜过敏会有什么严重后果？,海鲜过敏会有什么严重后果？,海鲜过敏竟成绝症？小鲨鱼父母痛诉无良医生。,海鲜过敏竟成绝症？小鲨鱼父母痛诉无良医生。
既然银行卡密码只有 6 位数，那为什么要给一个有 10 个数的键盘，多出来的 4 位是装饰吗？,为什么银行卡密码只有6位数，却要用一个有10个数的键盘？,为什么银行卡密码只有6位数，却要用一个有10个数的键盘？,多出来的4位是装饰吗？,多出来的4位是装饰吗？
“这下忍不住了。”村长派人去收拾劫匪时说道。,村长派人去收拾劫匪时说了什么？,村长派人去收拾劫匪时说了什么？,“这下忍不住了。”,“这下忍不住了。”
老天爷赏善罚恶，总是朝恶人发怒，朝善人吃牛肉火锅。,老天爷是如何赏善罚恶的？,老天爷是如何赏善罚恶的？,老天爷赏善罚恶，总是朝恶人发怒，朝善人吃牛肉火锅。,老天爷赏善罚恶，总是朝恶人发怒，朝善人吃牛肉火锅。
“这人生苦短。”食人族锐评餐厅的三大缺点。,食人族是如何评价餐厅的？,食人族是如何评价餐厅的？,“这人生苦短。”食人族锐评餐厅的三大缺点。,“这人生苦短。”食人族锐评餐厅的三大缺点。
字母艺术也可以叫 smart。,字母艺术可以叫什么？,字母艺术可以叫什么？,字母艺术也可以叫 smart。,字母艺术也可以叫 smart。
你们不要再造鸡蛋黄谣了，蛋黄和蛋壳之间是清白的。,蛋黄和蛋壳之间有什么关系？,蛋黄和蛋壳之间有什么关系？,你们不要再造鸡蛋黄谣了，蛋黄和蛋壳之间是清白的。,你们不要再造鸡蛋黄谣了，蛋黄和蛋壳之间是清白的。
小时候一直想过开挂的人生，努力半辈子后成功了一半，开上了半挂。,小时候一直想过开挂的人生，努力半辈子后实现了吗？,小时候一直想过开挂的人生，努力半辈子后实现了吗？,努力半辈子后成功了一半，开上了半挂。,努力半辈子后成功了一半，开上了半挂。
闰土指着周树人对儿子说：“这个老爷就是迅啦！”,闰土对儿子说了什么话？,闰土对儿子说了什么话？,闰土指着周树人对儿子说：“这个老爷就是迅啦！”,闰土指着周树人对儿子说：“这个老爷就是迅啦！”
"樊夫：“河神，刚才跟我同行人因为加班压力大跳河了！”
河神：“樊夫，跳河的是这个金行人，还是这群银行人啊？”",樊夫向河神报告跳河事件时发生了什么？,樊夫向河神报告跳河事件时发生了什么？,樊夫：“河神，刚才跟我同行人因为加班压力大跳河了！” 河神：“樊夫，跳河的是这个金行人，还是这群银行人啊？”,樊夫：“河神，刚才跟我同行人因为加班压力大跳河了！” 河神：“樊夫，跳河的是这个金行人，还是这群银行人啊？”
《英雄》讲刺客用剑刺杀领导人的故事，而安倍晋三看过枪版。,《英雄》讲的是什么故事？,《英雄》讲的是什么故事？,《英雄》讲刺客用剑刺杀领导人的故事，而安倍晋三看过枪版。,《英雄》讲刺客用剑刺杀领导人的故事，而安倍晋三看过枪版。
湖北，省流：长江。,湖北的省流是什么？,湖北的省流是什么？,长江。,长江。
"脱口秀演员和医生有什么区别？
一个是没学历专业要求，大家拉帮结派，跨行业更吃香；
另一个是脱口秀演员。",脱口秀演员和医生有什么区别？,脱口秀演员和医生有什么区别？,一个是没学历专业要求，大家拉帮结派，跨行业更吃香；另一个是脱口秀演员。,一个是没学历专业要求，大家拉帮结派，跨行业更吃香；另一个是脱口秀演员。
王警官看着倒地的相声演员疑惑道：“这是现挂吗？,王警官看到倒地的相声演员说了什么？,王警官看到倒地的相声演员说了什么？,王警官看着倒地的相声演员疑惑道：“这是现挂吗？”,王警官看着倒地的相声演员疑惑道：“这是现挂吗？”
把曹植装进棺材需要几步？八步。,把曹植装进棺材需要几步？,把曹植装进棺材需要几步？,八步。,八步。
"美国在 20 世纪 60 年代就能发射成功送人上天，为什么现在做不到了？
我是说枪击总统。",美国在20世纪60年代就能发射成功送人上天，为什么现在做不到了？,美国在20世纪60年代就能发射成功送人上天，为什么现在做不到了？,你说的是枪击总统吗？,我是说枪击总统。
小明是个性张扬的人，我就相反，我是个性压抑的人。,小明是个性张扬的人，你呢？,小明是个性张扬的人，你呢？,我就相反，我是个性压抑的人。,我就相反，我是个性压抑的人。
有只鸟展翅时经常打到其他鸟，其他鸟纷纷指责它没有张翼德。,有只鸟展翅时经常打到其他鸟，其他鸟会怎么说？,为什么有只鸟展翅时经常打到其他鸟？,其他鸟纷纷指责它没有张翼德。,因为其他鸟纷纷指责它没有张翼德。
"“你这个星座的人就是有问题！”
“骂人就骂人，别上升到星座！”
“你上升星座也有问题。”","“你这个星座的人就是有问题！”
“骂人就骂人，别上升到星座！”",星座和性格有什么关系？,“你上升星座也有问题。”,“你这个星座的人就是有问题！” “骂人就骂人，别上升到星座！” “你上升星座也有问题。”
入编很难吗？一摸电线不就接入国家电网了？,入编很难吗？,入编很难吗？,一摸电线不就接入国家电网了？,一摸电线不就接入国家电网了？
“端午节是纪念招原的。”我屈打成招了。,端午节是纪念谁的？,端午节是纪念谁的？,端午节是纪念招原的。我屈打成招了。,端午节是纪念招原的。我屈打成招了。
吧主是不是同性恋啊，为什么对雷同内容敌意这么大。,吧主是不是同性恋啊？,吧主是不是同性恋啊，为什么对雷同内容敌意这么大。,为什么对雷同内容敌意这么大？,吧主是不是同性恋啊，可能只是对雷同内容比较敏感吧。